,ID,NEW_SMILES,HBA,HBD,RB,LogP,TPSA,MW,Library
0,A1206,CCCCCCCCCC(=O)NC(Cc1c[nH]c2ccccc12)C(=O)NC(CC(N)=O)C(=O)NC(CC(=O)O)C(=O)NC1C(=O)NCC(=O)NC(CCCN)C(=O)NC(CC(=O)O)C(=O)NC(C)C(=O)NC(CC(=O)O)C(=O)NCC(=O)NC(CO)C(=O)NC(C(C)CC(=O)O)C(=O)NC(CC(=O)c2ccccc2N)C(=O)OC1C,24,22,35,-5.621799999999983,702.02,1620.6930000000004,APEXBIO
1,A1402,N=c1ccn(C2OC(CO)C(O)C2(F)F)c(=O)[nH]1,6,4,2,-1.4582300000000001,111.33000000000001,263.19999999999993,APEXBIO
2,A1670,Cn1cc(C2=C(c3cn(C4CCN(Cc5ccccn5)CC4)c4ccccc34)C(=O)NC2=O)c2ccccc21,6,1,5,4.932300000000004,72.16,515.6170000000003,APEXBIO
3,A1832,COc1cccc2c(O)c3c(O)c4c(c(O)c3c(O)c12)=C(OC1CC(N)C(O)C(C)O1)CC(O)(C(=O)CO)C=4,12,8,5,-0.7514000000000003,212.38999999999996,543.5250000000003,APEXBIO
4,A1877,O=c1[nH]c(-c2ccc(C(F)(F)F)cc2)nc2c1CSCC2,3,1,1,3.245000000000002,45.75,312.31600000000003,APEXBIO
5,A1906,N=c1ncn(C2CC(O)C(CO)O2)c(=O)[nH]1,7,4,2,-2.308429999999999,124.22,228.20799999999997,APEXBIO
6,A1907,N=c1ncn(C2OC(CO)C(O)C2O)c(=O)[nH]1,8,5,2,-3.3376299999999994,144.45000000000002,244.20700000000002,APEXBIO
7,A1908,O=C(Nc1ccc2c(O)cc(S(=O)(=O)O)cc2c1)Nc1ccc2c(O)cc(S(=O)(=O)O)cc2c1,7,6,4,3.5416000000000007,190.32999999999998,504.49800000000016,APEXBIO
8,A1909,COc1cc2[nH]c(N3CCCN(C)CC3)nc(=NC3CCN(Cc4ccccc4)CC3)c2cc1OC,7,1,6,3.287300000000002,69.22,490.6520000000003,APEXBIO
9,A1910,Cc1sc2c(c1C)C(c1ccc(Cl)cc1)=NC(CC(=O)OC(C)(C)C)c1nnc(C)n1-2,7,0,3,5.531360000000006,69.37,456.9990000000003,APEXBIO
10,A1912,N=c1nc(OCc2cc(Br)cs2)c2[nH]cnc2[nH]1,5,3,3,2.1684699999999997,90.44,326.17900000000003,APEXBIO
11,A1913,O=C(O)C(Cc1c[nH]c2ccccc12)N1C(=O)c2ccccc2C1=O,3,2,4,2.4598000000000004,90.47,334.3310000000001,APEXBIO
12,A1914,COc1cc2c(=NC3CCN(C(C)C)CC3)[nH]c(C3CCCCC3)nc2cc1OCCCN1CCCC1,6,1,9,5.257400000000006,65.97999999999999,509.7390000000006,APEXBIO
13,A1915,O=c1ncccn1C1OC(CO)C(O)C1O,7,3,2,-2.1451999999999996,104.81000000000002,228.204,APEXBIO
14,A2171,O=C(O)C1(C(=O)O)CCC1,2,2,2,0.3258999999999998,74.6,144.12599999999998,APEXBIO
15,A2306,O=c1c(O)cc2c(O)oc3c(=O)c(O)cc4c(O)oc1c2c43,8,4,0,1.3127999999999997,141.34000000000003,302.1940000000001,APEXBIO
16,A2600,O=C(OC1Cc2c(O)cc(O)cc2OC1c1cc(O)c(O)c(O)c1)c1cc(O)c(O)c(O)c1,11,8,3,2.233199999999999,197.36999999999998,458.37500000000017,APEXBIO
17,A3002,CC1(c2nc3c(C(N)=O)cccc3[nH]2)CCCN1,3,3,2,1.2604,83.8,244.298,APEXBIO
18,A3012,N#CCC(C1CCCC1)n1cc(-c2ncnc3[nH]ccc23)cn1,5,1,4,3.466380000000001,83.17999999999999,306.37300000000005,APEXBIO
19,A3214,CCN(CCCOc1ccc2c(=Nc3cc(CC(=O)Nc4cccc(F)c4)[nH]n3)[nH]cnc2c1)CCO[PH](=O)(=O)O,9,4,14,3.2093000000000016,174.89,587.5490000000003,APEXBIO
20,A3221,COC(=O)C12CCC(C)(C)CC1C1C(=O)C=C3C4(C)C=C(C#N)C(=O)C(C)(C)C4CCC3(C)C1(C)CC2,5,0,1,6.378980000000007,84.22999999999999,505.69900000000047,APEXBIO
21,A3222,CCS(=O)(=O)N1CC(CC#N)(n2cc(-c3ncnc4[nH]ccc34)cn2)C1,7,1,5,1.09568,120.55999999999999,371.4260000000001,APEXBIO
22,A3246,CN1NCNC1=c1c(-c2ccc(F)cc2)nc2cc(F)cc3c(=O)[nH]nc1c23,6,3,1,1.1982000000000002,85.94,380.3580000000001,APEXBIO
23,A3306,COc1ccc2c(c[n+](C)c3c4cc5c(cc4ccc23)OCO5)c1OC,4,0,2,3.7166000000000032,40.8,348.37800000000016,APEXBIO
24,A3335,COc1cc(C=CC(=O)CC(=O)C=Cc2ccc(O)c(OC)c2)ccc1O,6,2,8,3.3699000000000026,93.06000000000002,368.3850000000001,APEXBIO
25,A3337,CN1CCCN(C(=O)c2cccc(-c3ccc(C=C4C(=O)Nc5ccc(Cl)cc54)o3)c2)CC1,4,1,3,4.8704000000000045,65.79,461.94900000000024,APEXBIO
26,A3348,CN(C)NC(=O)CCC(=O)O,3,2,4,-0.556,69.64,160.173,APEXBIO
27,A3446,CCC(C)n1cc(C)c2c(C(=O)NCc3c(C)cc(C)[nH]c3=O)cc(-c3ccc(N4CCNCC4)nc3)cc21,6,3,7,4.627460000000004,95.05,526.6850000000003,APEXBIO
28,A3449,CCCc1cc(C)[nH]c(=O)c1CNC(=O)c1cc(-c2ccnc(N3CCN(C)CC3)c2)cc2c1cnn2C(C)C,7,2,8,4.310220000000004,99.14999999999998,541.7000000000003,APEXBIO
29,A3515,COc1cc2[nH]cnc(=Nc3ccc(O)cc3)c2cc1OC,5,2,3,2.5181000000000004,79.73,297.3140000000001,APEXBIO
30,A3602,CCCc1cc2c(N3CCN(C4=NCC(C)(C)S4)CC3)ncnc2s1,7,0,3,3.6472000000000024,44.620000000000005,375.56700000000006,APEXBIO
31,A3617,NC(=O)c1cccc2cn(-c3ccc(C4CCCNC4)cc3)nc12,4,2,3,2.591400000000001,72.94,320.396,APEXBIO
32,A3675,Fc1cc(-c2cccc3ncc(-c4cnn(C5CCNCC5)c4)nc23)cc(F)c1CN1CCOCC1,7,1,5,4.1952000000000025,68.10000000000001,490.55800000000033,APEXBIO
33,A3692,Cc1sc2c(c1C)C(c1ccc(Cl)cc1)=NC(CC(=O)Nc1ccc(O)cc1)c1nnc(C)n1-2,7,2,4,5.533960000000006,92.4,492.00400000000025,APEXBIO
34,A3741,CC(C)(C)c1nc2c3cc[nH]c(=O)c3c3cc(F)ccc3c2[nH]1,2,2,0,3.994200000000002,61.54,309.344,APEXBIO
35,A3760,c1nc2[nH]c(=Nc3ccc(N4CCOCC4)cc3)[nH]c(=NC3CCCCC3)c2[nH]1,5,3,3,2.5214999999999996,97.45000000000002,393.4950000000002,APEXBIO
36,A3761,Cc1ccc(C(=O)NCCCCCC(=O)Nc2ccccc2N)cc1,3,3,8,3.506120000000001,84.22,339.439,APEXBIO
37,A3794,CN1CC=CCCOc2cccc(c2)-c2ccnc(n2)Nc2cccc(c2)C1,5,1,0,4.657700000000004,50.28,372.4720000000001,APEXBIO
38,A3821,Cc1nc(-c2cccnc2)sc1C(=O)Nc1ccccc1-c1cn2c(CN3CCOCC3)csc2n1,9,1,6,4.974220000000004,84.65,516.6520000000004,APEXBIO
39,A3860,COc1cccc2c1c(=O)c(C(=O)N(C)c1ccc(C(F)(F)F)cc1)c(O)n2C,5,1,3,3.5481000000000016,71.77000000000001,406.36,APEXBIO
40,A3901,O=C(c1ccc(C(=O)N2CCC(N3CCCC3)CC2)c(Nc2ccccc2)c1)N1CCC(N2CCCC2)CC1,5,1,6,4.831000000000005,59.13000000000001,529.7290000000002,APEXBIO
41,A3937,O=C(Nc1ccc(-c2cc[nH]c(=Nc3ccc(N4CCOCC4)cc3)n2)cc1)C1CCCN1,6,3,5,2.8362000000000007,94.64,444.53900000000027,APEXBIO
42,A3939,CC(C)c1cc(CN=c2nc(N3CCN(C)CC3)cc(N=c3cc(C4CC4)[nH][nH]3)[nH]2)on1,7,3,6,2.1397999999999993,117.49000000000001,437.5520000000001,APEXBIO
43,A3962,NC1CCCN(c2c(C=C3SC(=O)NC3=O)cccc2-c2ccccc2)C1,5,2,3,3.605000000000002,75.43,379.4850000000001,APEXBIO
44,A3963,N#Cc1c(O)[nH]c2scc(-c3ccc(-c4ccccc4O)cc3)c2c1=O,5,3,2,4.206480000000002,97.10999999999999,360.3940000000001,APEXBIO
45,A3965,CCC1C(=O)N(C)c2c[nH]c(=Nc3ccc(C(=O)NC4CCN(C)CC4)cc3OC)nc2N1C1CCCC1,7,2,6,2.978700000000001,106.16,521.6660000000004,APEXBIO
46,A4083,O=C(NCCCCCCC(O)=NO)c1cnc(N(c2ccccc2)c2ccccc2)nc1,6,3,11,4.972400000000004,110.94,433.5120000000001,APEXBIO
47,A4084,O=C(CCCCCCC(O)=NO)Nc1ccccc1,3,3,8,3.311400000000001,81.92,264.32500000000005,APEXBIO
48,A4089,Nc1ccccc1NC(=O)c1ccc(CN=c2nc(-c3cccnc3)cc[nH]2)cc1,5,3,5,3.4071000000000016,109.04999999999998,396.454,APEXBIO
49,A4090,Cn1cc(CNCC2CCN(c3ncc(C(O)=NO)cn3)CC2)c2ccccc21,7,3,6,2.6683000000000003,98.80000000000001,394.47900000000016,APEXBIO
50,A4091,COc1ccc(Cn2ccc3ccc(C(O)=NO)cc32)cc1,4,2,4,3.3920000000000012,66.98,296.326,APEXBIO
51,A4092,C#Cc1cccc(N=c2[nH]cnc3cc(OC)c(OCCCCCCC(O)=NO)cc23)c1,6,3,10,4.460200000000003,112.32000000000001,434.4960000000003,APEXBIO
52,A4093,CCN(CC)Cc1ccc2cc(COC(=O)Nc3ccc(C(O)=NO)cc3)ccc2c1,5,3,8,5.124100000000004,94.39,421.49700000000007,APEXBIO
53,A4094,Cn1cc(C=CC(=O)c2cccc(F)c2)cc1C=CC(O)=NO,4,2,5,3.419200000000001,74.82000000000001,314.31600000000003,APEXBIO
54,A4095,CCCCc1nc2cc(C=CC(O)=NO)ccc2n1CCN(CC)CC,5,2,10,4.079600000000004,73.88000000000001,358.4860000000002,APEXBIO
55,A4096,O=S(=O)(Nc1ccccc1)c1cccc(C=CC(O)=NO)c1,4,3,5,2.8463000000000003,98.99000000000001,318.35400000000004,APEXBIO
56,A4097,COc1ccc(-c2nc(N3CCOCC3)c3sc(CN(C)c4ncc(C(O)=NO)cn4)cc3n2)cn1,12,2,7,2.7187,142.20999999999998,508.5640000000002,APEXBIO
57,A4098,CN(C)Cc1c(C(=O)NCCOc2ccc(C(O)=NO)cc2)oc2ccccc12,6,3,8,2.997,107.53000000000002,397.43100000000004,APEXBIO
58,A4099,CCCC(CCC)C(=O)O,1,1,5,2.2874,37.3,144.214,APEXBIO
59,A4100,Cc1cc(Cl)ccc1OCCCC(O)=NO,3,2,5,3.1531200000000004,62.05,243.68999999999997,APEXBIO
60,A4101,CN1CCc2c(c3ccccc3n2Cc2ccc(C(O)=NO)cc2)C1,4,2,3,3.3713000000000015,60.989999999999995,335.40700000000004,APEXBIO
61,A4102,CC(=O)Nc1ccc(C(=O)Nc2ccccc2N)cc1,3,3,3,2.4795,84.22,269.304,APEXBIO
62,A4103,OCCN(CCc1c[nH]c2ccccc12)Cc1ccc(C=CC(O)=NO)cc1,4,4,9,3.5638000000000014,92.08,379.4600000000001,APEXBIO
63,A4104,CC(C)C(C(=O)Nc1ccc(C(O)=NO)cc1)c1ccccc1,3,3,5,3.758700000000002,81.92,312.369,APEXBIO
64,A4105,CN(C)c1cccc(C(=O)NCCCCCCC(O)=NO)c1,4,3,9,2.7786,85.16000000000001,307.3939999999999,APEXBIO
65,A4106,O=C1c2cccc3cccc(c23)C(=O)N1CCCCCC(O)=NO,4,2,6,3.3419000000000008,90.2,326.352,APEXBIO
66,A4107,O=C(O)CCCc1ccccc1,1,1,4,2.0939,37.3,164.204,APEXBIO
67,A4110,COc1cc(N=c2nc3c(c[nH]2)CN=C(c2c(F)cccc2OC)c2cc(Cl)ccc2-3)ccc1C(=O)O,6,2,5,5.168000000000005,109.16000000000001,518.9320000000002,APEXBIO
68,A4111,Cc1cc(=Nc2cc(N3CCN(C)CC3)nc(Sc3ccc(NC(=O)C4CC4)cc3)n2)[nH][nH]1,7,3,6,2.9251200000000006,105.29999999999998,464.5990000000001,APEXBIO
69,A4112,CCN(CCO)CCCOc1ccc2c(=Nc3cc(CC(=O)Nc4cccc(F)c4)[nH]n3)[nH]cnc2c1,7,4,12,2.9218,131.51999999999998,507.57000000000016,APEXBIO
70,A4113,COc1cc2c(=Nc3ccc(NC(=O)c4ccccc4)cc3)[nH]cnc2cc1OCCCN1CCOCC1,7,2,9,4.157300000000003,101.07,513.5980000000004,APEXBIO
71,A4114,O=C(O)c1ccc(N=c2nc3c(c[nH]2)CN=C(c2c(F)cccc2F)c2cc(Cl)ccc2-3)cc1,4,2,3,5.289900000000004,90.7,476.87000000000006,APEXBIO
72,A4115,N=c1[nH]c(=Nc2ccc(S(N)(=O)=O)cc2)[nH]n1C(=O)c1c(F)cccc1F,6,4,3,0.4702700000000005,149.95,394.3630000000001,APEXBIO
73,A4116,COC(C(=O)n1cc2[nH][nH]c(=NC(O)c3ccc(N4CCN(C)CC4)cc3)c2c1)c1ccccc1,7,3,6,2.6690000000000005,101.87999999999998,474.5650000000003,APEXBIO
74,A4117,O=C(Nc1c[nH]nc1-c1nc2cc(CN3CCOCC3)ccc2[nH]1)NC1CC1,5,4,5,2.0690999999999997,110.96000000000001,381.4400000000001,APEXBIO
75,A4118,CCS(=O)(=O)Nc1ccc2[nH]c(O)c(C(=Nc3ccc(CN4CCCCC4)cc3)c3ccccc3)c2c1,5,3,8,5.790100000000005,97.78999999999999,516.6670000000004,APEXBIO
76,A4119,Cc1csc(-c2n[nH]c(=Nc3ccc(Oc4ncccc4-c4cc[nH]c(=N)n4)cc3)c3ccccc23)c1,7,3,5,5.889090000000004,115.68999999999998,503.5910000000002,APEXBIO
77,A4120,O=C(O)C1(Cc2cccc(=Nc3nccs3)[nH]2)CCC(Oc2cccc(Cl)c2F)CC1,5,2,6,5.131200000000004,87.57000000000001,461.94600000000025,APEXBIO
78,A4121,O=C(N=c1[nH]cc(CCN=c2[nH]cnc3ccsc23)s1)Nc1cccc(Cl)c1,5,3,4,3.9436000000000018,98.29,430.94600000000014,APEXBIO
79,A4122,CCc1cccc(CC)c1NC(=O)n1cc2[nH][nH]c(=NC(O)c3ccc(N4CCN(C)CC4)cc3)c2c1,6,4,6,3.8461000000000025,104.67999999999999,501.63500000000033,APEXBIO
80,A4123,O=C(c1ccc(C=Cc2[nH]nc3ccccc23)cc1)N1CCNCC1,3,2,3,2.7787000000000006,61.02,332.40700000000015,APEXBIO
81,A4124,CCS(=O)(=O)c1cccc(-c2cc(C(=O)NC3CCN(C)CC3)c(C)c3[nH]c4ncc(C)cc4c23)c1,5,2,5,4.617540000000004,95.16000000000001,504.6560000000004,APEXBIO
82,A4125,Cc1[nH]c(=N)sc1-c1cc[nH]c(=Nc2ccc(N3CCOCC3)cc2)n1,6,3,3,2.3231900000000003,93.14999999999999,368.46600000000024,APEXBIO
83,A4126,CCN1CCN(C(=O)Cc2ccc(N=c3[nH]cc(F)c(=Nc4ccc(C(=O)Nc5ccccc5Cl)cc4)[nH]3)cc2)CC1,5,3,7,4.559000000000002,108.94999999999999,588.0870000000001,APEXBIO
84,A4129,Cc1cc(=Nc2cc(N3CCN(C)CC3)nc(C=Cc3ccccc3)n2)[nH][nH]1,5,2,4,2.59582,76.2,375.47999999999996,APEXBIO
85,A4131,CN(C)c1ccc(-c2nc3c(N4CCN(CC(=O)N=c5[nH]ccs5)CC4)c(Cl)cnc3[nH]2)cc1,7,2,5,2.9834000000000005,96.51000000000002,497.02800000000013,APEXBIO
86,A4132,Cc1cc(CN2CCN(c3c(Br)cnc4[nH]c(-c5ccc(N6CCN(C)CC6)cc5)nc34)CC2)no1,8,1,5,3.7578200000000024,80.56,551.4930000000003,APEXBIO
87,A4135,CC1CCN(C(=O)CC#N)CC1N(C)c1ncnc2[nH]ccc12,5,1,3,1.5447799999999996,88.91,312.377,APEXBIO
88,A4136,Cc1c[nH]c(=Nc2ccc(OCCN3CCCC3)cc2)[nH]c1=Nc1cccc(S(=O)(=O)NC(C)(C)C)c1,6,3,8,3.6674200000000017,114.94,524.6910000000001,APEXBIO
89,A4137,Cc1cc(=Nc2[nH]c(=NC(C)c3ncc(F)cn3)ncc2Cl)[nH][nH]1,5,3,3,1.8511199999999997,110.75999999999999,348.773,APEXBIO
90,A4139,N#CC(=Cc1ccc(O)c(O)c1)C(=O)NCc1ccccc1,4,3,4,2.32118,93.35,294.31,APEXBIO
91,A4140,CC(NC(=O)C(C#N)=Cc1cccc(Br)n1)c1ccccc1,3,1,4,3.6284800000000024,65.78,356.22300000000007,APEXBIO
92,A4143,N#CCNC(=O)c1ccc(-c2cc[nH]c(=Nc3ccc(N4CCOCC4)cc3)n2)cc1,6,2,5,2.3990800000000005,106.4,414.4690000000002,APEXBIO
93,A4145,Cc1c[nH]c(=Nc2ccc(N3CCN(C)CC3)cc2)[nH]c1=Nc1cccc(S(=O)(=O)NC(C)(C)C)c1,6,3,5,2.9446200000000005,108.94999999999999,509.6800000000002,APEXBIO
94,A4146,CN1CCN(c2cccc(N=c3nc4c(-c5ccc(S(C)(=O)=O)cc5)cccn4[nH]3)c2)CC1,7,1,4,2.717100000000001,86.07,462.5790000000001,APEXBIO
95,A4147,Cc1cc(=Nc2cc(CN3CCOCC3)c3nc(C)c(Cc4ccc(Cl)cc4F)n3n2)[nH][nH]1,6,2,5,3.4502400000000017,86.6,469.952,APEXBIO
96,A4150,COc1cc2[nH]cnc(=Nc3ccc(O)c(Br)c3)c2cc1OC,5,2,3,3.2806000000000006,79.73,376.2100000000001,APEXBIO
97,A4151,CC(C)N(CCC(=O)c1ccc2ccccc2c1)Cc1ccccc1,2,0,7,5.323200000000005,20.310000000000002,331.45900000000006,APEXBIO
98,A4152,CCn1c(C(=O)N(C2CC2)C2CC2)cc2c3c(ncn3C)c(=Nc3cc(C)n(C)n3)[nH]c21,7,1,5,2.91732,89.03,432.53200000000015,APEXBIO
99,A4154,O=C(c1cc(Cc2n[nH]c(=O)c3ccccc23)ccc1F)N1CCN(C(=O)C2CC2)CC1,4,1,4,2.3474000000000004,86.37,434.47100000000034,APEXBIO
100,A4156,CNCc1ccc(-c2[nH]c3cc(F)cc4c3c2CCNC4=O)cc1,2,3,3,2.979300000000001,56.92,323.371,APEXBIO
101,A4157,NC(=O)c1ccc(I)c([N+](=O)[O-])c1,3,1,2,1.2983,86.23,292.032,APEXBIO
102,A4158,CN(C)Cc1ccc(-c2nc3cccc4c3n2CCNC4=O)cc1,4,1,3,2.5083,50.160000000000004,320.39599999999996,APEXBIO
103,A4159,CN(C)CC(=O)Nc1ccc2[nH]c(=O)c3ccccc3c2c1,3,2,3,2.181399999999999,65.2,295.34200000000004,APEXBIO
104,A4160,NC(=O)c1cccc2[nH]c(-c3ccc(C4CCCN4)cc3F)nc12,3,3,3,2.892400000000001,83.8,324.359,APEXBIO
105,A4161,NC(=O)c1cccc(N)c1,2,2,1,0.36770000000000025,69.11,136.154,APEXBIO
106,A4163,O=C(COc1cccc2c(=O)[nH]ccc12)c1ccccc1,3,1,4,2.7898000000000014,59.160000000000004,279.295,APEXBIO
107,A4164,COC1CCN(C(=O)c2cc(Cc3n[nH]c(=O)c4ccccc34)ccc2F)CC1,4,1,4,2.904000000000001,75.28999999999999,395.43400000000014,APEXBIO
108,A4166,CC(C)N(CC1OC(n2cnc3c(=N)[nH]cnc32)C(O)C1O)C1CC(CCc2nc3cc(C(C)(C)C)ccc3[nH]2)C1,9,5,8,3.1536700000000017,151.96,562.7190000000003,APEXBIO
109,A4167,CC(C)N(CCCNC(=O)Nc1ccc(C(C)(C)C)cc1)CC1OC(n2cc(Br)c3c(=N)[nH]cnc32)C(O)C1O,8,6,9,3.445270000000001,151.52,618.5770000000002,APEXBIO
110,A4168,CCN(CC)C(=O)C(C#N)=Cc1cc(O)c(O)c([N+](=O)[O-])c1,6,2,5,1.7813800000000002,127.70000000000002,305.29,APEXBIO
111,A4170,CC(C)N(CCCNC(=O)Nc1ccc(C(C)(C)C)cc1)CC1OC(n2ccc3c(=N)[nH]cnc32)C(O)C1O,8,6,9,2.68277,151.52,539.6810000000003,APEXBIO
112,A4171,Cc1cc(C)c(CNC(=O)c2cc(-c3ccc(CN4CCOCC4)cc3)cc3c2cnn3C2CCCC2)c(=O)[nH]1,6,2,7,4.885740000000005,92.25,539.6800000000004,APEXBIO
113,A4176,N=c1[nH]c(=S)c2[nH]cnc2[nH]1,3,4,0,0.4280599999999999,84.10999999999999,167.197,APEXBIO
114,A4180,O=C(Nc1ccccc1-c1cn2c(CN3CCNCC3)csc2n1)c1cnc2ccccc2n1,8,2,5,3.6635000000000018,87.45,469.5740000000001,APEXBIO
115,A4181,NC(=O)C1CCCc2c1[nH]c1ccc(Cl)cc21,1,2,1,2.7265000000000006,58.88,248.71300000000002,APEXBIO
116,A4182,Oc1ccc(C=Cc2cc(O)cc(O)c2)cc1,3,3,2,2.9738000000000016,60.69,228.247,APEXBIO
117,A4183,CC(NC(=O)c1ccccc1N=Cc1c(O)ccc2ccccc12)c1ccccc1,3,2,5,5.787000000000005,61.69,394.47400000000005,APEXBIO
118,A4184,COc1ccccc1S(=O)(=O)Nc1ccc2c(c1)CN(C)C(=O)N2,4,2,4,2.4733,87.74000000000001,347.3960000000001,APEXBIO
119,A4186,CCOC(=O)N=c1cc(-c2ccc(C)c(NS(C)(=O)=O)c2)[nH]n2c(C)nnc12,7,2,4,1.7699399999999998,130.80999999999997,404.45200000000017,APEXBIO
120,A4187,Cc1nc(C(=O)NCC(=O)O)c(O)c2ccc(Oc3ccccc3)cc12,5,3,5,2.8555200000000003,108.75000000000001,352.34600000000006,APEXBIO
121,A4188,COc1cc2c(cc1O)CCC1C2CCC2(C)C(O)CCC12,3,2,1,3.6178000000000026,49.69,302.41400000000004,APEXBIO
122,A4189,O=C(O)CNC(=O)c1c(O)c2ccccc2n(Cc2ccccc2)c1=O,5,3,5,1.5698,108.63,352.34600000000006,APEXBIO
123,A4190,CCOC(=O)CCN=c1cc(N2CCc3ccccc3CC2)[nH]c(-c2ccccn2)n1,6,1,6,2.9308000000000005,83.47,417.51300000000015,APEXBIO
124,A4191,O=C(O)CCN=c1cc(N2CCc3ccccc3CC2)[nH]c(-c2ccccn2)n1,5,2,5,2.4523,94.47,389.4590000000001,APEXBIO
125,A4192,CN1CCC(CN=c2ccc3ncc(-c4cccc(OC(F)(F)F)c4)n3[nH]2)CC1,5,1,4,3.4705000000000013,57.919999999999995,405.4240000000001,APEXBIO
126,A4193,O=C1NC(=O)C(=Cc2cccc(C(F)(F)F)c2)S1,3,1,1,3.029300000000001,46.17,273.23499999999996,APEXBIO
127,A4203,CC(=O)Nc1ccc(NC(=S)NC(=O)c2ccc(C(C)(C)C)cc2)cc1,3,3,3,4.069300000000003,70.23,369.4900000000001,APEXBIO
128,A4452,COC12C(=COC(N)=O)c3c(O)c(N)c(C)c(O)c3N1CC1NC12,8,5,2,-0.05868000000000023,153.21,334.33200000000005,APEXBIO
129,A4488,CCCCCCCCCCCCCCCc1cccc(O)c1C(=O)O,2,2,15,6.724100000000008,57.53,348.52700000000004,APEXBIO
130,A4491,COc1ccc(CCc2nc3cc(-c4c(C)noc4C)ccc3n2CC(C)N2CCOCC2)cc1Cl,7,0,8,5.476040000000006,65.55000000000001,509.0500000000003,APEXBIO
131,A4493,CC(=O)SCC(=O)c1ccc(=NS(=O)(=O)c2ccc(OCCCN(C)C)cc2)[nH]c1,7,1,10,2.0972,108.9,451.5700000000003,APEXBIO
132,A4494,Cc1cc(C)cc(C(=O)NOCCCCCC(O)=NO)c1,4,3,8,2.87094,91.15,294.35099999999994,APEXBIO
133,A4495,CC(C)C(=O)SCCCCCCC(=O)N=c1[nH]c(-c2ccccc2)cs1,4,1,9,5.036800000000005,62.29,390.574,APEXBIO
134,A4496,O=Nc1ccc(O)c2ncccc12,4,1,1,2.3383000000000003,62.55,174.159,APEXBIO
135,A4498,ON=C(O)CCCCCCC(O)=NO,4,4,7,2.0184,105.64000000000001,204.226,APEXBIO
136,A4499,Cc1ccc(NC(=O)CCCCCC(=O)Nc2ccccc2N)cc1,3,3,8,4.104920000000002,84.22,339.439,APEXBIO
137,A4501,O=C(CCCCCCC(O)=NO)Nc1ccc(C2OC(CSc3nc(-c4ccccc4)c(-c4ccccc4)o3)CC(c3ccc(CO)cc3)O2)cc1,9,4,16,9.463399999999996,146.64,721.8760000000003,APEXBIO
138,A4503,COc1cc2c(=NC3CCN(C)CC3)[nH]c(N3CCCN(C)CC3)nc2cc1OCCCN(C)C,8,1,8,2.038800000000003,72.46,485.6770000000004,APEXBIO
139,A4504,COc1cc2c(=NC3CCN(C4CCCCC4)CC3)[nH]c(N3CCCN(C(C)C)CC3)nc2cc1OCCCN1CCCCC1,8,1,10,5.444600000000006,72.46,621.9149999999998,APEXBIO
140,A4506,COC(=O)CNC(=O)C(=O)OC,5,1,2,-1.551399999999999,81.7,175.14,APEXBIO
141,A4507,O=S(=O)(NCCSSCCNS(=O)(=O)c1cc(Cl)ccc1Cl)c1cc(Cl)ccc1Cl,6,2,11,4.938400000000003,92.34,570.3940000000001,APEXBIO
142,A4509,CCC(C)SSc1ncc[nH]1,3,1,4,2.948500000000001,28.68,188.32100000000003,APEXBIO
143,A4510,BrC1C(Br)C(Br)C(Br)C(Br)C1Br,0,0,0,4.581000000000001,0.0,557.538,APEXBIO
144,A4512,CC(C)(O)C=CC(=O)C(C)(O)C1C(O)CC2(C)C3C=CC4C(CC(=O)C(=O)C4(C)C)C3(C)C(=O)CC12C,7,3,4,2.9926000000000013,128.97,514.6590000000003,APEXBIO
145,A4517,C=CC(=O)c1ccc2ccccc2c1,1,0,2,3.2085000000000017,17.07,182.22199999999998,APEXBIO
146,A4521,N#Cc1c(-c2ccccc2)cc(-c2cc(Br)ccc2O)[nH]c1=O,3,2,2,4.048680000000003,76.88,367.20200000000006,APEXBIO
147,A4524,O=c1[nH]cnc2ccccc12,2,1,0,0.9231,45.75,146.14899999999997,APEXBIO
148,A4529,COc1ccc(C2(CNC(=O)c3ccc(NC(=O)c4ccco4)cc3)CCOCC2)cc1,5,2,7,4.018700000000003,89.80000000000001,434.49200000000025,APEXBIO
149,A4531,COc1ccc(-n2c(SCCCN3C(=O)c4cccc5cccc(c45)C3=O)nnc2-c2ccncc2)cc1,8,0,8,5.269500000000004,90.21000000000001,521.6020000000002,APEXBIO
150,A4541,O=C(C=Cc1ccccc1)NC(NC(=S)Nc1ccc(Cl)cc1)C(Cl)(Cl)Cl,2,3,5,5.152300000000002,53.160000000000004,463.2170000000001,APEXBIO
151,A4544,O=S(=O)(O)c1ccc2cc(N=Nc3cc(S(=O)(=O)O)c4cccnc4c3O)ccc2c1,8,3,4,4.0024000000000015,166.57999999999996,459.4610000000002,APEXBIO
152,A5072,CCn1c(-c2no[nH]c2=N)nc2c(C#CC(C)(C)O)ncc(OCC3CCCNC3)c21,9,4,5,1.4145699999999997,137.87,425.4930000000003,APEXBIO
153,A5511,CC1COc2c(N3CCN(C)CC3)c(F)cc3c(=O)c(C(=O)O)cn1c23,6,1,2,1.5439999999999998,75.00999999999999,361.37300000000005,APEXBIO
154,A5734,O=S(=O)(c1cccc2cnccc12)N1CCCNCC1,4,1,2,1.2187999999999999,62.300000000000004,291.37600000000003,APEXBIO
155,A8171,Nc1ccccc1NC(=O)c1ccc(CNC(=O)OCc2cccnc2)cc1,5,3,6,3.342500000000001,106.34,376.4160000000001,APEXBIO
156,A8173,CCC1=NC(=O)C2CSSCCC=CC(CC(=O)NC(C(C)C)C(=O)N2)OC(=O)C(C(C)C)NC1=O,8,3,3,1.7872000000000008,143.03,540.7080000000002,APEXBIO
157,A8178,Cc1[nH]c2ccccc2c1CCNCc1ccc(C=CC(O)=NO)cc1,3,4,7,4.167520000000002,80.64,349.43399999999997,APEXBIO
158,A8182,N=c1[nH]ccc2c1ncn2C1C=C(CO)C(O)C1O,6,5,2,-0.9609300000000005,118.15,262.269,APEXBIO
159,A8183,CC(=CC(C)C=CC(O)=NO)C(=O)c1ccc(N(C)C)cc1,4,2,6,3.4196000000000026,73.13000000000001,302.374,APEXBIO
160,A8184,NC(=O)c1ncn(C2OC(CO)C(O)C2O)c1N,8,5,3,-2.8242999999999996,156.85000000000002,258.23400000000004,APEXBIO
161,A8191,Cc1oc(CC(O)O)cc2c(O)c3cccc(=O)c3c(O)c12,6,4,2,1.5190199999999998,111.13000000000001,302.28200000000004,APEXBIO
162,A8192,CNC1CC2OC(C)(C1OC)n1c3ccccc3c3c4c(c5c6ccccc6n2c5c31)C(=O)NC4,6,2,2,4.354000000000003,69.45,466.5410000000003,APEXBIO
163,A8221,CCN(c1cc(-c2ccc(CN3CCOCC3)cc2)cc(C(=O)NCc2c(C)cc(C)[nH]c2=O)c1C)C1CCOCC1,6,2,9,4.734660000000003,86.9,572.75,APEXBIO
164,A8223,O=C(Nc1ccc(CN2CCOCC2)cc1)c1ccc(-c2cccc(Cl)c2)o1,4,1,5,4.684500000000004,54.71000000000001,396.874,APEXBIO
165,A8226,N#Cc1c(Oc2ccc(F)c(NC(=O)Cc3cccc(C(F)(F)F)c3)c2)ccc2[nH]c(=NC(=O)C3CC3)sc12,5,2,6,6.069780000000002,107.34,554.5250000000001,APEXBIO
166,A8242,O=C1CCc2c(ccc3ccccc23)O1,2,0,0,2.6914000000000007,26.3,198.221,APEXBIO
167,A8302,CN(C)CCCCC(=O)Nc1ccc(NC(=S)NC(=O)c2ccc(C(C)(C)C)cc2)cc1,4,3,8,4.781300000000003,73.47,454.6400000000002,APEXBIO
168,A8341,Cn1c2ccccc2c2c3c(c4c5ccccc5n(CCC#N)c4c21)CNC3=O,4,1,2,4.596480000000004,62.75,378.4350000000002,APEXBIO
169,A8342,CN(C)CCCn1cc(C2=C(c3c[nH]c4ccccc34)C(=O)NC2=O)c2ccccc21,4,2,6,3.6415000000000015,70.13,412.49300000000017,APEXBIO
170,A8343,COc1ccc2c(c1)c(C1=C(c3c[nH]c4ccccc34)C(=O)NC1=O)cn2CCCN(C)C,5,2,7,3.650100000000003,79.36,442.5190000000003,APEXBIO
171,A8405,N=c1ccn(C2OC(CO)C(O)C2O)c(=O)[nH]1,7,5,2,-2.73263,131.56,243.21900000000002,APEXBIO
172,A8525,CN1CCN(c2nc(C3=C(c4c[nH]c5ccccc45)C(=O)NC3=O)c3ccccc3n2)CC1,6,2,3,2.4301000000000004,94.21999999999998,438.49100000000027,APEXBIO
173,A8601,N#Cc1ccc(OC2CCC(NC(=O)CCSc3nc(=O)c4ccccc4[nH]3)CC2)cc1,6,2,7,3.783380000000002,107.86999999999998,448.5480000000002,APEXBIO
174,A8708,N=C(N)NN=Cc1ccccc1Cl,2,3,2,1.15697,74.26,196.641,APEXBIO
175,A8710,CC(C)(CCCCCC(O)CCCCCC(C)(C)C(=O)O)C(=O)O,3,3,14,4.469900000000003,94.83,344.492,APEXBIO
176,A8712,CCN1CC(=Cc2cccnc2)C(=O)C(=Cc2cccnc2)C1,4,0,3,2.848200000000001,46.09,305.38100000000003,APEXBIO
177,A8803,Nc1cc(F)ccc1NC(=O)C=Cc1cnn(CC=Cc2ccccc2)c1,4,2,6,3.9697000000000022,72.94,362.4080000000001,APEXBIO
178,A8806,O=C(NCC1(c2nc(-c3ccccc3)cs2)CCOCC1)c1cccc(-c2noc(C(F)(F)F)n2)c1,7,1,6,5.3571000000000035,90.14,514.5290000000003,APEXBIO
179,A8807,O=C(c1cccc(Cl)c1F)N1CCN(Cc2cccc(=Nc3nccs3)[nH]2)CC1,5,1,4,3.4541000000000013,64.59,431.9240000000001,APEXBIO
180,A8808,CC(NC(=O)CCc1nc(=O)c2ccccc2[nH]1)c1ccccc1,3,2,5,2.733100000000001,74.85,321.38000000000005,APEXBIO
181,A8810,O=C(c1cncc(Br)c1)N1CCC(N2CCCC2)CC1,3,0,2,2.5445,36.440000000000005,338.24900000000025,APEXBIO
182,A8890,Cc1[nH]c(=Nc2cnn(C3CCNCC3)c2)nc2c1N(C)C(=O)c1cc3ccccc3cc1N2C,7,2,2,3.582620000000002,94.43999999999998,468.5650000000002,APEXBIO
183,B1012,Cc1cc(N=Nc2ccc(S(=O)(=O)N=c3cccc[nH]3)cc2)c(N)cc1O,6,3,4,3.3159200000000006,133.26,383.4330000000001,APEXBIO
184,B1013,CC(=O)N1c2ccc(-c3ccc(C(=O)O)cc3)cc2C(Nc2ccc(Cl)cc2)CC1C,3,2,4,6.003500000000005,69.64,434.9230000000002,APEXBIO
185,B1021,CCC(CC)n1ccc2c(C(=O)NCc3c(C)cc(C)[nH]c3=O)cc(C#N)cc21,4,2,6,4.109220000000002,90.68,390.48700000000014,APEXBIO
186,B1081,Cc1sc2c(c1C)C(c1ccc(Cl)cc1)=NC(CC(N)=O)c1nnc(C)n1-2,6,1,3,3.6749600000000022,86.16,399.9070000000002,APEXBIO
187,B1115,Cc1cc(-c2nc(-c3ccc(OC(F)(F)F)cc3)no2)nn1Cc1ccnc(N2CCN(C3CC3)CC2)c1,9,0,7,4.534820000000004,85.33999999999999,525.5350000000003,APEXBIO
188,B1127,COc1cc2c(=NC3CCN(CC4CCCCC4)CC3)[nH]c(N3CCCN(C(C)C)CC3)nc2cc1OCCCN1CCCCC1,8,1,11,5.692200000000006,72.46,635.9419999999998,APEXBIO
189,B1130,O=C(N=c1nc2cccc(-c3ccc(CN4CCS(=O)(=O)CC4)cc3)n2[nH]1)C1CC1,6,1,4,1.3970999999999996,99.9,425.5140000000002,APEXBIO
190,B1182,O=C(NCc1ccncc1)C12CC3CC(C1)CC(c1ccc(Cl)cc1)(C3)C2,2,1,4,4.889400000000005,41.99,380.9190000000001,APEXBIO
191,B1372,c1cc(-c2cnn3cc(-c4ccc(OCCN5CCCCC5)cc4)cnc23)ccn1,6,0,6,4.323000000000003,55.550000000000004,399.4980000000001,APEXBIO
192,B1373,N=C(N)N=C(N)NCCc1ccccc1,1,4,3,0.026870000000000838,100.28,205.26500000000001,APEXBIO
193,B1374,CCC(=O)Nc1cccc(Oc2[nH]c(=Nc3ccc(N4CCN(C)CC4)cc3OC)ncc2Cl)c1,7,2,7,4.196700000000003,95.07999999999998,496.99900000000025,APEXBIO
194,B1443,CCCCOc1ccc(CC(O)=NO)cc1,3,2,6,2.7537000000000003,62.05,223.272,APEXBIO
195,B1470,CNNCc1ccc(C(=O)NC(C)C)cc1,3,3,5,1.0487999999999995,53.16,221.304,APEXBIO
196,B1472,NC(=O)c1ncn(C2OC(CO)C(O)C2O)c1O,8,5,3,-2.7009,151.06,259.218,APEXBIO
197,B1498,CCNC(=O)CC1N=C(c2ccc(Cl)cc2)c2cc(OC)ccc2-n2c(C)nnc21,6,1,5,3.6560200000000025,81.39999999999999,423.90400000000017,APEXBIO
198,B1499,COc1cc(OC)c2c(=O)[nH]c(-c3cc(C)c(OCCO)c(C)c3)nc2c1,6,2,6,2.5952400000000004,93.67,370.40500000000014,APEXBIO
199,B1500,COc1cc2c(cc1-c1c(C)noc1C)ncc1[nH]c(=O)n(C(C)c3ccccn3)c12,7,1,4,4.162540000000002,98.83,415.45300000000015,APEXBIO
200,B1538,O=Nc1c(-c2c(O)[nH]c3cc(Br)ccc23)[nH]c2ccccc12,3,3,2,5.182200000000003,81.23999999999998,356.17900000000003,APEXBIO
201,B1577,C=c1[nH]n(-c2ccc(C(=O)O)cc2)c(=O)c1=Cc1ccc(-c2cc(C)c(C)cc2[N+](=O)[O-])o1,6,2,5,2.8879400000000013,131.37,445.4310000000002,APEXBIO
202,B1579,Clc1ccc(=NN=C(c2ccccc2)c2ccccn2)[nH]c1,3,1,3,3.416400000000001,53.4,308.77200000000005,APEXBIO
203,B1580,NC1CC1c1ccc(-c2cccc(O)c2)cc1,2,2,2,2.873800000000001,46.25,225.29100000000003,APEXBIO
204,B1582,CCC(CC)(NC(=O)C(C)C)C(=O)NC(CCCN=C(N)N)C(=O)NC1(C(=O)NC(c2ccc(F)cc2)c2ccc(F)cc2)CCCC1,5,6,16,3.468800000000007,180.79999999999998,669.8179999999999,APEXBIO
205,B1583,CCCc1cc(C)[nH]c(=O)c1CNC(=O)c1cc(-c2ccc(N3CCN(C(C)C)CC3)nc2)cc2c1cnn2C(C)C,7,2,9,5.088820000000005,99.15,569.7540000000001,APEXBIO
206,B1589,C1=CCOCc2cc(ccc2OCCN2CCCC2)Nc2nccc(n2)-c2cccc(c2)COC1,7,1,4,4.964800000000004,68.74000000000001,472.58900000000017,APEXBIO
207,B1602,COc1cc2c(cc1OC)C(=O)C(CC1CCN(Cc3ccccc3)CC1)C2,4,0,6,4.361100000000004,38.77,379.50000000000017,APEXBIO
208,B1622,Cc1cc(=Nc2ccc(NC(=O)c3ccc(N=c4cc[nH]c5ccccc45)cc3)cc2)[nH]c(=N)[nH]1,4,5,4,4.329090000000002,125.03999999999999,461.52900000000005,APEXBIO
209,B1760,O=C(O)c1ccccc1Nc1cccc(C(F)(F)F)c1,2,2,3,4.1472000000000016,49.33,281.23299999999995,APEXBIO
210,B1835,CCCC(=O)O,1,1,2,0.8711,37.3,88.10599999999998,APEXBIO
211,B1970,CN(C)C(N)=NC(=N)N,1,3,0,-1.2438299999999982,91.49,129.167,APEXBIO
212,B1986,O=C(O)CO,2,2,1,-0.9367000000000001,57.53,76.051,APEXBIO
213,B2114,OCCN=CCNc1ccc(NCCNCCO)c2c(O)c3c(O)ccc(O)c3c(O)c12,10,9,11,1.2842000000000002,169.82999999999998,444.48800000000017,APEXBIO
214,B2192,Cn1cc(C2=C(c3cn(CCCSC(=N)N)c4ccccc34)C(=O)NC2=O)c2ccccc21,6,3,6,3.7169700000000017,105.9,457.55900000000014,APEXBIO
215,B2295,COc1cccc2c(O)c3c(O)c4c(c(O)c3c(O)c12)=C(OC1CC(N)C(OC2CCCCO2)C(C)O1)CC(O)(C(=O)CO)C=4,13,7,7,0.7994999999999997,210.61999999999995,627.6430000000003,APEXBIO
216,B3272,CCC(Sc1nnc2c(n1)[nH]c1ccccc12)C(=O)N1c2ccccc2Sc2ccccc21,6,1,4,6.206300000000003,74.77,469.5950000000002,APEXBIO
217,B3276,CCCCCCCc1ccc(CCc2cccc(O)c2C(=O)O)cc1,2,2,10,5.388500000000006,57.53,340.4630000000001,APEXBIO
218,B3411,CC(C)OC(=O)CCCC=CCC1C(O)CC(O)C1CCC(O)CCc1ccccc1,5,3,13,4.1864000000000035,86.99000000000001,432.6010000000002,APEXBIO
219,B3704,CCCCN(Cc1ccc(C(O)=NO)cc1)C(=O)Nc1ccccc1,3,3,7,4.214600000000003,85.16,341.411,APEXBIO
220,B3709,COC1C(N(C)C(=O)c2ccccc2)CC2OC1(C)n1c3ccccc3c3c4c(c5c6ccccc6n2c5c31)C(=O)NC4,6,1,3,5.906800000000007,77.72999999999999,570.6490000000002,APEXBIO
221,B4106,Cn1cc(-c2ccc(S(=O)(=O)n3ccc(C=CC(=O)Nc4ccccc4N)c3)cc2)cn1,7,2,6,3.359700000000001,112.00999999999999,447.52000000000015,APEXBIO
222,B4655,Cc1ccc2[nH]c(=NCCN)c3ncc(C)n3c2c1,4,2,2,1.2918399999999997,71.47,255.32500000000002,APEXBIO
223,B4678,CCS(=O)(=O)N1CCC(C(C)n2c(C)c(C(=O)NCc3c(OC)cc(C)[nH]c3=O)c3ccccc32)CC1,6,2,8,3.507740000000002,113.5,528.6750000000002,APEXBIO
224,B4794,CCOC(=O)NCCCC(=O)NCCc1ccccc1,3,2,8,1.8715999999999993,67.42999999999999,278.352,APEXBIO
225,B4798,CCN(CC)CCNC(=O)c1ccc(N)cc1,3,2,6,1.3403999999999996,58.36,235.33100000000002,APEXBIO
226,B4856,CC(C)(C)OC(=O)Nc1ccc(-c2cc(C(=O)NCCCCCCC(O)=NO)no2)cc1,7,4,10,4.7146000000000035,146.27999999999997,446.5040000000003,APEXBIO
227,B4875,O=C(C(Cc1cccc(C(F)(F)F)c1)NS(=O)(=O)c1cc(F)c2c(c1)CCNC2)N1CCCC1,4,2,6,3.002200000000001,78.50999999999999,499.5300000000004,APEXBIO
228,B4887,N#Cc1ccc(-c2csc(=NN=C3CCCC3)[nH]2)cc1,4,1,2,3.4455800000000014,64.3,282.37199999999996,APEXBIO
229,B4891,CN(C)CCCNC(=O)c1ccc(-c2cc(O)c3ncccc3c2)cc1,4,2,6,3.2889000000000017,65.46000000000001,349.434,APEXBIO
230,B4894,CC(=NNC(=O)c1cccc(S(=O)(=O)N2CCOCC2)c1)c1cc(Cl)ccc1O,6,2,5,2.2205,108.3,437.9050000000002,APEXBIO
231,B4895,COc1cc2c(cc1NS(=O)(=O)c1ccc(Br)cc1C)n(C)c(=O)n2C,6,1,4,2.757320000000001,82.33000000000001,440.31900000000013,APEXBIO
232,B4916,COc1ccccc1C(=O)Nc1cc2c(cc1N1CCCCC1)n(C)c(=O)n2C,6,1,4,3.1282000000000014,68.5,394.47500000000025,APEXBIO
233,B4947,COc1cc2c(cc1OCCCN1CCCC1)N=C(N)C21CCC1,5,1,6,2.983900000000001,60.08,329.4440000000001,APEXBIO
234,B4949,COC(=O)c1ccc(N2CCN(C)CC2)c(NC(=O)c2cccc(OC)c2)c1,6,1,5,2.485900000000001,71.11,383.4480000000001,APEXBIO
235,B4983,c1ccc(C2CC2NC2CCNCC2)cc1,2,2,3,1.8840999999999999,24.06,216.32799999999995,APEXBIO
236,B4989,O=C(CNC(O)c1cc(=NC2COC2)[nH]cn1)CN1CCc2ccccc2C1,7,3,7,-0.0828999999999982,102.84,383.45200000000017,APEXBIO
237,B5389,N=C1NC(=O)C(=Cc2ccc(O)cc2)S1,4,3,1,1.53087,73.18,220.25300000000001,APEXBIO
238,B5607,O=C(O)c1ccc(O)c2ncccc12,3,2,1,1.6385999999999998,70.42,189.17,APEXBIO
239,B5685,O=C(O)CCN=c1cc(N2CCc3ccccc3CC2)[nH]c(-c2cccnc2)n1,5,2,5,2.4523,94.47,389.4590000000001,APEXBIO
240,B5830,CS(=O)(=O)c1ccc(-c2nnc(C=Cc3nnc(-c4ccc(C#N)cc4)o3)n2-c2ccccc2Cl)nc1,10,0,6,4.478280000000003,140.45,529.9690000000002,APEXBIO
241,B5833,Cc1cc(C)c(CNC(=O)c2cc(-c3ccc(N4CCN(C)CC4)nc3)cc3c2c(C)cn3C(C)C)c(=O)[nH]1,6,2,6,4.579560000000004,86.25999999999999,526.6850000000004,APEXBIO
242,B5851,O=C(O)CNC(=O)c1nc(Cl)c2ccccc2c1O,4,3,3,1.4082,99.52000000000001,280.66700000000003,APEXBIO
243,B5861,O=c1c(-n2ccnn2)c[nH]n1-c1cc(N2CCOCC2)ncn1,9,1,3,-0.6271,106.75,314.3090000000001,APEXBIO
244,B5879,O=C(O)c1ccc(CN2CCC(CNC3CC3c3ccccc3)CC2)cc1,3,2,7,3.7425000000000033,52.57,364.4890000000001,APEXBIO
245,B5882,NC1CCC(NC2CC2c2ccccc2)CC1,2,2,3,2.402,38.05,230.355,APEXBIO
246,B5887,Cc1noc2c1-c1ccccc1C(c1ccc(Cl)cc1)=NC2CC(N)=O,4,1,3,4.070920000000003,81.47999999999999,365.8200000000001,APEXBIO
247,B5913,Nc1ccc(S(=O)(=O)NCCc2ccccc2)cc1,3,2,5,1.7897999999999998,72.19,276.361,APEXBIO
248,B5916,Nc1ccc(F)cc1NC(=O)c1ccc(CNC(=O)C=Cc2cccnc2)cc1,4,3,6,3.384800000000002,97.11,390.41800000000006,APEXBIO
249,B5929,CCC(C)(N=c1cc[nH]c(-c2c[nH]c3ncccc23)n1)C(=O)NCC(F)(F)F,4,3,5,2.7009000000000007,98.82,392.38500000000005,APEXBIO
250,B5936,O=C(NCCCCCCC(O)=NO)c1cnc(N(c2ccccc2)c2ccccc2Cl)nc1,6,3,11,5.625800000000005,110.94,467.95700000000016,APEXBIO
251,B5952,CC(=O)C(C#N)C(=O)Nc1cc(Br)ccc1Br,3,1,3,2.8788800000000005,69.96,360.005,APEXBIO
252,B5967,CCCCNNC(=O)c1ccc(Br)cc1,2,2,5,2.483600000000001,41.129999999999995,271.15799999999996,APEXBIO
253,B5968,Nc1ccccc1NC(=O)CCCCCCC(=O)Nc1ccccc1,3,3,9,4.186600000000003,84.22,339.4389999999999,APEXBIO
254,B5969,C#CCC(CCCCCC)C(=O)O,1,1,7,2.6809000000000003,37.3,182.263,APEXBIO
255,B5971,CC(=O)Oc1ccc(C=Cc2cc(OC(C)=O)cc(OC(C)=O)c2)cc1,6,0,5,3.632900000000002,78.9,354.3580000000001,APEXBIO
256,B5972,O=C(O)c1ccnc(C(=O)O)c1,3,2,2,0.478,87.49,167.12,APEXBIO
257,B5973,COc1ccccc1C(=O)Nc1cc2c(cc1N1CCCC1)n(C)c(=O)n2C,6,1,4,2.738100000000001,68.5,380.4480000000002,APEXBIO
258,B5983,CC(C)c1ccc(-c2cc(=O)c3ccccc3o2)cc1,2,0,2,4.583400000000004,30.21,264.32399999999996,APEXBIO
259,B5998,CCCOc1ccn2c(C(C)=O)cc(-c3ccccc3S(C)(=O)=O)c2c1,5,0,6,4.001200000000003,64.85,371.4580000000001,APEXBIO
260,B6004,NC(Cc1ccc([N+]([O-])(CCCl)CCCl)cc1)C(=O)O,3,2,8,1.9237,86.38000000000001,321.204,APEXBIO
261,B6016,Cc1cc(C)nc(SCC(=O)N=c2[nH]cc(Cc3cccc4ccccc34)s2)n1,5,1,5,4.446640000000004,71.0,420.5630000000001,APEXBIO
262,B6048,O=C(NCC(=O)N1CCCC1)Nc1ccc2cnccc2c1,3,2,3,1.9786999999999995,74.33000000000001,298.34600000000006,APEXBIO
263,B6084,O=C(NN=Cc1c(O)ccc2ccccc12)c1ccncc1,4,2,3,2.7043,74.58,291.31,APEXBIO
264,B6106,O=C(O)CNC(=O)c1c(O)n(C2CCCCC2)c(=O)n(C2CCCCC2)c1=O,7,3,5,1.5403999999999989,130.63,393.4400000000002,APEXBIO
265,B6116,N#Cc1ccc(COc2ccc(-c3cccc4nc(=NC(=O)C5CC5)[nH]n34)cc2)cn1,6,1,5,3.0123800000000003,108.42999999999999,410.4370000000001,APEXBIO
266,B6119,Cc1cn(CCN2CCN(c3ccccc3-c3cc(C#N)cc(C(=O)NCCCN4CCCC4)c3)CC2)c2ccccc12,6,1,10,5.526300000000005,67.53999999999999,574.7730000000006,APEXBIO
267,B6134,CCN(CC)Cc1cc(N=c2cc[nH]c3cc(Cl)ccc23)ccc1O,3,2,5,4.601100000000004,51.620000000000005,355.8690000000001,APEXBIO
268,B6150,NC(=O)c1ccccn1,2,1,1,0.18049999999999994,55.980000000000004,122.12699999999997,APEXBIO
269,B6152,NC(=O)c1ccccc1,1,1,1,0.7855000000000001,43.09,121.13899999999995,APEXBIO
270,B6182,O=C(CNC(O)c1cc[nH]c(=NC2CCC2)c1)CN1CCc2ccccc2C1,5,3,7,1.6757999999999995,80.72,380.49200000000013,APEXBIO
271,B6183,CC(C)Oc1ccc(-c2c[nH]cc2CN(C)CCN)cc1,3,2,7,2.8594,54.28,287.407,APEXBIO
272,B6196,COc1cc(-c2cn(C)c(=O)c3cnccc23)cc(OC)c1CN(C)C,6,0,5,2.6793000000000005,56.59000000000001,353.42200000000014,APEXBIO
273,B6197,CCCOc1ccc(CCc2nc3cc(-c4c(C)noc4C)ccc3n2CCN2CCOCC2)cc1,7,0,10,5.214340000000005,65.55000000000001,488.63200000000035,APEXBIO
274,B6385,CCCCCCCCCCCCCC=CC(O)C(N)CO,3,3,15,3.924200000000002,66.48,299.499,APEXBIO
275,B7323,N#CC(=Cc1ccc(-c2cc(Cl)ccc2Cl)o1)C(=O)Nc1cccc2ncccc12,4,1,4,6.347280000000002,78.92,434.28200000000015,APEXBIO
276,B7514,NC1CC1c1ccccc1,1,1,1,1.5011999999999999,26.02,133.194,APEXBIO
277,B7679,O=C(O)C1(CCCCCCOc2ccc(Cl)cc2)CO1,3,1,9,3.5229000000000026,59.06,298.7660000000001,APEXBIO
278,B7744,O=C(C=CN1CC2CC1CN2c1ccccn1)c1ccccc1O,5,1,4,2.446700000000001,56.67,321.38000000000005,APEXBIO
279,B7757,COc1cc2c(=NC3CCN(C(C)C)CC3)[nH]c(N3CCC(F)(F)CC3)nc2cc1OCCCN1CCCC1,7,1,9,4.445200000000004,69.22,546.7070000000002,APEXBIO
280,B7782,CCOC(=O)c1ccc(NC(=O)OC2C(CO)OC(OC)C(OC(=O)Nc3ccc4c(c3)OCO4)C2OC(=O)Nc2ccc3c(c2)OCO3)cc1,15,4,10,3.836000000000002,216.89999999999995,711.6330000000002,APEXBIO
281,B7801,CC1CC(=O)Nc2cccc(-c3ccc4c(c3)c(-c3cnn(C)c3)nn4C)c2N1,6,2,2,3.783400000000002,76.77000000000001,386.45900000000006,APEXBIO
282,B7811,CC(C)c1c(-c2ccccc2)[nH]c2c(C#N)cnn2c1=O,4,1,2,2.68468,73.94999999999999,278.31500000000005,APEXBIO
283,B7815,O=[N+]([O-])c1ccc(Sc2cccc[n+]2[O-])c2nonc12,7,0,3,1.9155999999999995,109.0,290.26000000000005,APEXBIO
284,B7816,O=C(c1ccc(Cl)cc1Cl)n1nnc2ccccc21,4,0,1,3.4266000000000014,47.78,292.12500000000006,APEXBIO
285,B7939,CCCCCCCCCCCCCC(=S)NCCCCC(NC(=O)OCc1ccccc1)C(=O)Nc1ccccc1,4,3,22,8.708500000000004,79.46000000000001,581.8670000000003,APEXBIO
286,B7947,O=C(Nc1cccc(N=c2[nH]ccc(=Nc3cccc(C(F)(F)F)c3)[nH]2)c1)C1CC1,3,3,4,4.174900000000003,85.4,413.40300000000013,APEXBIO
287,B8023,CCS(=O)(=O)N1CCN(c2ccc(N=c3[nH]cc(C(N)=O)c(=NC4CC4)[nH]3)cc2)CC1,6,3,6,0.20890000000000253,140.01000000000002,445.5490000000003,APEXBIO
288,B8206,CC(C)c1cccc(=O)c(O)c1,2,1,1,1.8758000000000001,37.3,164.20399999999998,APEXBIO
289,C3028,C[S+]([O-])CCCCN=C=S,3,0,5,1.2479,35.42,177.294,APEXBIO
290,C3591,COc1ccc(C(=O)CBr)cc1,2,0,3,2.2728,26.3,229.07299999999998,APEXBIO
291,C3607,O=C(CBr)c1ccc(O)cc1,2,1,2,1.9697999999999998,37.3,215.04600000000002,APEXBIO
292,C3825,Cc1cn(C2CC(O)C(CO)O2)c(=O)[nH]c1=N,6,4,2,-1.3950099999999988,111.32999999999998,241.24699999999999,APEXBIO
293,C4018,O=C(CCCCCCC(O)=NO)Nc1ccc(I)cc1,3,3,8,3.9160000000000013,81.92,390.22100000000006,APEXBIO
294,C4347,O=[PH](=O)(O)OC(CO)CO,5,3,4,-1.3806000000000003,104.06000000000002,172.07299999999998,APEXBIO
295,C4953,O=S(=O)(c1cccc2cnccc12)N1CCNCC1,4,1,2,0.8287,62.300000000000004,277.34900000000005,APEXBIO
296,C6333,O=C1CCc2ccccc2O1,2,0,0,1.5382,26.3,148.16099999999997,APEXBIO
297,N1274,CC1OC(Oc2c(-c3cc(O)c(O)c(O)c3)oc3cc(O)cc(O)c3c2=O)C(O)C(O)C1O,12,8,3,0.1942999999999998,210.50999999999996,464.37900000000013,APEXBIO
298,N1315,C=C1C(=O)OC2C1CCC(C)=CCCC1(C)OC21,3,0,0,2.7620000000000013,38.83,248.32199999999995,APEXBIO
299,N1353,CCCCCC(O)CC(=O)CCc1ccc(O)c(OC)c1,4,2,10,3.2338000000000022,66.76,294.391,APEXBIO
300,N1595,CC1OC(OC2C(OC3C(OC4CCC5(C)C(CCC6(C)C5CC=C5C7CC(C)(C)CCC7(C(=O)O)CCC56C)C4(C)C)OCC(O)C3O)OC(CO)C(O)C2O)C(O)C(O)C1O,15,9,8,2.3729000000000045,254.51999999999995,897.1090000000006,APEXBIO
301,N1651,NC(=O)c1cccnc1,2,1,1,0.18050000000000016,55.980000000000004,122.12699999999997,APEXBIO
302,N1707,O=c1ccc2ccccc2o1,2,0,0,1.793,30.21,146.14499999999998,APEXBIO
303,N1715,CC1CCC2(OC1)OC1CC3C4CC=C5CC(O)CCC5(C)C4CCC3(C)C1C2C,3,1,0,5.713900000000006,38.69,414.6300000000003,APEXBIO
304,N1743,C=C1CC2(O)OC3(CC2C(C)C)C(C)CCC13,2,1,1,3.112300000000002,29.46,236.35499999999996,APEXBIO
305,N1806,O=C(C=Cc1ccc(O)c2c1C(C(=O)OC(Cc1ccc(O)c(O)c1)C(=O)O)C(c1ccc(O)c(O)c1)O2)OC(Cc1ccc(O)c(O)c1)C(=O)O,14,9,12,3.334500000000003,278.03999999999996,718.6200000000002,APEXBIO
306,N1841,O=c1c(O)c(-c2ccc(O)c(O)c2)oc2cc(O)cc(O)c12,7,5,1,1.988,131.36,302.23800000000006,APEXBIO
307,N1908,CC1C(=O)OC2C(O)C34C5OC(=O)C3(OC3OC(=O)C(O)C34C(C(C)(C)C)C5O)C12O,11,4,0,-2.3986999999999967,169.04999999999998,440.4010000000001,APEXBIO
308,N2060,CCCCCCCCCCCCCC(=O)OC1C(C)C2(O)C(C=C(CO)CC3(O)C(=O)C(C)=CC32)C2C(C)(C)C12OC(C)=O,8,3,15,5.752900000000006,130.36,616.8360000000001,APEXBIO
309,N2487,O=c1c(O)c(-c2ccc(O)c(O)c2)oc2cc(O)ccc12,6,4,1,2.282400000000001,111.13000000000001,286.23900000000003,APEXBIO
